assay,scheme,spearman
RL20_AQUAE_Tsuboyama_2023_1GYZ,fold_random_5,0.8108496451861097
RL20_AQUAE_Tsuboyama_2023_1GYZ,fold_modulo_5,0.6119427687545702
RL20_AQUAE_Tsuboyama_2023_1GYZ,fold_contiguous_5,0.5824925513957104
YNZC_BACSU_Tsuboyama_2023_2JVD,fold_random_5,0.8887391298578492
YNZC_BACSU_Tsuboyama_2023_2JVD,fold_modulo_5,0.7991873319321549
YNZC_BACSU_Tsuboyama_2023_2JVD,fold_contiguous_5,0.8006642478880743
Q8WTC7_9CNID_Somermeyer_2022,fold_random_5,0.6828065768819939
Q8WTC7_9CNID_Somermeyer_2022,fold_modulo_5,0.5367591492266552
Q8WTC7_9CNID_Somermeyer_2022,fold_contiguous_5,0.4473278826978071
PPARG_HUMAN_Majithia_2016,fold_random_5,0.9498865983957704
PPARG_HUMAN_Majithia_2016,fold_modulo_5,0.8836317342828561
PPARG_HUMAN_Majithia_2016,fold_contiguous_5,0.7643688630118993
FKBP3_HUMAN_Tsuboyama_2023_2KFV,fold_random_5,0.8442295029623706
FKBP3_HUMAN_Tsuboyama_2023_2KFV,fold_modulo_5,0.6877967234856163
FKBP3_HUMAN_Tsuboyama_2023_2KFV,fold_contiguous_5,0.6435228523863388
SPG1_STRSG_Wu_2016,fold_random_5,0.7805331510594669
SPG1_STRSG_Wu_2016,fold_modulo_5,0.7778263841421736
SPG1_STRSG_Wu_2016,fold_contiguous_5,0.7778263841421736
PAI1_HUMAN_Huttinger_2021,fold_random_5,0.5985779788897055
PAI1_HUMAN_Huttinger_2021,fold_modulo_5,0.5435346670951524
PAI1_HUMAN_Huttinger_2021,fold_contiguous_5,0.5131240784066473
LGK_LIPST_Klesmith_2015,fold_random_5,0.7820073667774556
LGK_LIPST_Klesmith_2015,fold_modulo_5,0.6823880013904292
LGK_LIPST_Klesmith_2015,fold_contiguous_5,0.625942597368502
RPC1_LAMBD_Li_2019_high-expression,fold_random_5,0.5834715284715285
RPC1_LAMBD_Li_2019_high-expression,fold_modulo_5,0.5532761682761682
RPC1_LAMBD_Li_2019_high-expression,fold_contiguous_5,0.5381948606948607
SERC_HUMAN_Xie_2023,fold_random_5,0.6595400960808571
SERC_HUMAN_Xie_2023,fold_modulo_5,0.6119987625949568
SERC_HUMAN_Xie_2023,fold_contiguous_5,0.5915945690287004
A0A192B1T2_9HIV1_Haddox_2018,fold_random_5,0.835132255922625
A0A192B1T2_9HIV1_Haddox_2018,fold_modulo_5,0.6215117455755577
A0A192B1T2_9HIV1_Haddox_2018,fold_contiguous_5,0.545225242578031
SPA_STAAU_Tsuboyama_2023_1LP1,fold_random_5,0.9090999790352244
SPA_STAAU_Tsuboyama_2023_1LP1,fold_modulo_5,0.7987132584727407
SPA_STAAU_Tsuboyama_2023_1LP1,fold_contiguous_5,0.680799241761314
ISDH_STAAW_Tsuboyama_2023_2LHR,fold_random_5,0.8864576602368943
ISDH_STAAW_Tsuboyama_2023_2LHR,fold_modulo_5,0.7828747867793018
ISDH_STAAW_Tsuboyama_2023_2LHR,fold_contiguous_5,0.7069389833209457
CBS_HUMAN_Sun_2020,fold_random_5,0.47020935979340384
CBS_HUMAN_Sun_2020,fold_modulo_5,0.45068397057255205
CBS_HUMAN_Sun_2020,fold_contiguous_5,0.4998934388961741
RAF1_HUMAN_Zinkus-Boltz_2019,fold_random_5,0.43073272663273354
RAF1_HUMAN_Zinkus-Boltz_2019,fold_modulo_5,0.4233209271386334
RAF1_HUMAN_Zinkus-Boltz_2019,fold_contiguous_5,0.47607245914695945
TAT_HV1BR_Fernandes_2016,fold_random_5,0.5825109584740509
TAT_HV1BR_Fernandes_2016,fold_modulo_5,0.4645761770559981
TAT_HV1BR_Fernandes_2016,fold_contiguous_5,0.5117332738337883
KCNE1_HUMAN_Muhammad_2023_expression,fold_random_5,0.7918549869427078
KCNE1_HUMAN_Muhammad_2023_expression,fold_modulo_5,0.5835682477440431
KCNE1_HUMAN_Muhammad_2023_expression,fold_contiguous_5,0.2250494318423673
AICDA_HUMAN_Gajula_2014_3cycles,fold_random_5,0.3346262867234093
AICDA_HUMAN_Gajula_2014_3cycles,fold_modulo_5,0.23264725632318328
AICDA_HUMAN_Gajula_2014_3cycles,fold_contiguous_5,0.4608945416805616
HCP_LAMBD_Tsuboyama_2023_2L6Q,fold_random_5,0.9142367102211278
HCP_LAMBD_Tsuboyama_2023_2L6Q,fold_modulo_5,0.825915647538079
HCP_LAMBD_Tsuboyama_2023_2L6Q,fold_contiguous_5,0.7818352592923854
GDIA_HUMAN_Silverstein_2021,fold_random_5,0.5286488327653267
GDIA_HUMAN_Silverstein_2021,fold_modulo_5,0.518036042850919
GDIA_HUMAN_Silverstein_2021,fold_contiguous_5,0.5054774706951423
DLG4_RAT_McLaughlin_2012,fold_random_5,0.761318279927013
DLG4_RAT_McLaughlin_2012,fold_modulo_5,0.6336150064183226
DLG4_RAT_McLaughlin_2012,fold_contiguous_5,0.5593849994627609
TNKS2_HUMAN_Tsuboyama_2023_5JRT,fold_random_5,0.9471422437833261
TNKS2_HUMAN_Tsuboyama_2023_5JRT,fold_modulo_5,0.8471598902370739
TNKS2_HUMAN_Tsuboyama_2023_5JRT,fold_contiguous_5,0.7884387231026241
MET_HUMAN_Estevam_2023,fold_random_5,0.6942741079377266
MET_HUMAN_Estevam_2023,fold_modulo_5,0.6387130904924365
MET_HUMAN_Estevam_2023,fold_contiguous_5,0.6542924607331432
MSH2_HUMAN_Jia_2020,fold_random_5,0.6654488928377491
MSH2_HUMAN_Jia_2020,fold_modulo_5,0.5609541055084288
MSH2_HUMAN_Jia_2020,fold_contiguous_5,0.3715890981025276
RL40A_YEAST_Roscoe_2014,fold_random_5,0.7577167481138692
RL40A_YEAST_Roscoe_2014,fold_modulo_5,0.6006903787083165
RL40A_YEAST_Roscoe_2014,fold_contiguous_5,0.604556297653828
A0A247D711_LISMN_Stadelmann_2021,fold_random_5,0.6766012058176222
A0A247D711_LISMN_Stadelmann_2021,fold_modulo_5,0.5357649583678162
A0A247D711_LISMN_Stadelmann_2021,fold_contiguous_5,0.5527461251673249
TPMT_HUMAN_Matreyek_2018,fold_random_5,0.6266804661307765
TPMT_HUMAN_Matreyek_2018,fold_modulo_5,0.6144965327858251
TPMT_HUMAN_Matreyek_2018,fold_contiguous_5,0.6273483735665627
P53_HUMAN_Giacomelli_2018_Null_Etoposide,fold_random_5,0.7657545852532526
P53_HUMAN_Giacomelli_2018_Null_Etoposide,fold_modulo_5,0.706171595635153
P53_HUMAN_Giacomelli_2018_Null_Etoposide,fold_contiguous_5,0.5637088235534773
RL40A_YEAST_Mavor_2016,fold_random_5,0.7366604743132932
RL40A_YEAST_Mavor_2016,fold_modulo_5,0.6086742877000041
RL40A_YEAST_Mavor_2016,fold_contiguous_5,0.6202487809393169
SOX30_HUMAN_Tsuboyama_2023_7JJK,fold_random_5,0.9073528011972514
SOX30_HUMAN_Tsuboyama_2023_7JJK,fold_modulo_5,0.724399411088027
SOX30_HUMAN_Tsuboyama_2023_7JJK,fold_contiguous_5,0.6653456087095566
PA_I34A1_Wu_2015,fold_random_5,0.5392654967918094
PA_I34A1_Wu_2015,fold_modulo_5,0.4571572207572581
PA_I34A1_Wu_2015,fold_contiguous_5,0.2263567359028429
SQSTM_MOUSE_Tsuboyama_2023_2RRU,fold_random_5,0.9299263977663639
SQSTM_MOUSE_Tsuboyama_2023_2RRU,fold_modulo_5,0.8644041310482008
SQSTM_MOUSE_Tsuboyama_2023_2RRU,fold_contiguous_5,0.8220803848556666
CAR11_HUMAN_Meitlis_2020_gof,fold_random_5,0.6366014716955813
CAR11_HUMAN_Meitlis_2020_gof,fold_modulo_5,0.5554847781792046
CAR11_HUMAN_Meitlis_2020_gof,fold_contiguous_5,0.5341554255426311
AMFR_HUMAN_Tsuboyama_2023_4G3O,fold_random_5,0.9396365159057888
AMFR_HUMAN_Tsuboyama_2023_4G3O,fold_modulo_5,0.8677514102308375
AMFR_HUMAN_Tsuboyama_2023_4G3O,fold_contiguous_5,0.8284603229376112
TCRG1_MOUSE_Tsuboyama_2023_1E0L,fold_random_5,0.9196478706330201
TCRG1_MOUSE_Tsuboyama_2023_1E0L,fold_modulo_5,0.8658266050738417
TCRG1_MOUSE_Tsuboyama_2023_1E0L,fold_contiguous_5,0.8399480479654376
CALM1_HUMAN_Weile_2017,fold_random_5,0.2436711380887867
CALM1_HUMAN_Weile_2017,fold_modulo_5,0.1934357502459242
CALM1_HUMAN_Weile_2017,fold_contiguous_5,0.1904415324612603
Q53Z42_HUMAN_McShan_2019_expression,fold_random_5,0.781598759122246
Q53Z42_HUMAN_McShan_2019_expression,fold_modulo_5,0.6577097585109354
Q53Z42_HUMAN_McShan_2019_expression,fold_contiguous_5,0.6325621523869108
VG08_BPP22_Tsuboyama_2023_2GP8,fold_random_5,0.9087809430780023
VG08_BPP22_Tsuboyama_2023_2GP8,fold_modulo_5,0.8436363308455017
VG08_BPP22_Tsuboyama_2023_2GP8,fold_contiguous_5,0.8525358919796503
ADRB2_HUMAN_Jones_2020,fold_random_5,0.614999491689796
ADRB2_HUMAN_Jones_2020,fold_modulo_5,0.5867827757889266
ADRB2_HUMAN_Jones_2020,fold_contiguous_5,0.5738735816521982
KCNH2_HUMAN_Kozek_2020,fold_random_5,0.6999489987249682
KCNH2_HUMAN_Kozek_2020,fold_modulo_5,0.4685847146178655
KCNH2_HUMAN_Kozek_2020,fold_contiguous_5,0.5088247206180155
YAP1_HUMAN_Araya_2012,fold_random_5,0.8036477672568614
YAP1_HUMAN_Araya_2012,fold_modulo_5,0.6957768027136974
YAP1_HUMAN_Araya_2012,fold_contiguous_5,0.6471292814643989
PTEN_HUMAN_Matreyek_2021,fold_random_5,0.7080195820232129
PTEN_HUMAN_Matreyek_2021,fold_modulo_5,0.6641471291816408
PTEN_HUMAN_Matreyek_2021,fold_contiguous_5,0.5945345938333954
DYR_ECOLI_Thompson_2019,fold_random_5,0.7515356477568664
DYR_ECOLI_Thompson_2019,fold_modulo_5,0.5473089000082648
DYR_ECOLI_Thompson_2019,fold_contiguous_5,0.49230895093538307
MTHR_HUMAN_Weile_2021,fold_random_5,0.6981929585170715
MTHR_HUMAN_Weile_2021,fold_modulo_5,0.6313520060493867
MTHR_HUMAN_Weile_2021,fold_contiguous_5,0.5844370996499683
A4_HUMAN_Seuma_2022,fold_random_5,0.7489807171317394
A4_HUMAN_Seuma_2022,fold_modulo_5,0.6560830477521957
A4_HUMAN_Seuma_2022,fold_contiguous_5,0.6479398721787721
A0A2Z5U3Z0_9INFA_Wu_2014,fold_random_5,0.553896543625567
A0A2Z5U3Z0_9INFA_Wu_2014,fold_modulo_5,0.49524571093024033
A0A2Z5U3Z0_9INFA_Wu_2014,fold_contiguous_5,0.45098431879647094
SAV1_MOUSE_Tsuboyama_2023_2YSB,fold_random_5,0.9081491751887325
SAV1_MOUSE_Tsuboyama_2023_2YSB,fold_modulo_5,0.7237567264840431
SAV1_MOUSE_Tsuboyama_2023_2YSB,fold_contiguous_5,0.6882241775462125
KKA2_KLEPN_Melnikov_2014,fold_random_5,0.807952805453239
KKA2_KLEPN_Melnikov_2014,fold_modulo_5,0.7412709973716896
KKA2_KLEPN_Melnikov_2014,fold_contiguous_5,0.74065486883561
HMDH_HUMAN_Jiang_2019,fold_random_5,0.7324596005737396
HMDH_HUMAN_Jiang_2019,fold_modulo_5,0.6599678546500369
HMDH_HUMAN_Jiang_2019,fold_contiguous_5,0.6285077804922057
Q837P5_ENTFA_Meier_2023,fold_random_5,0.8081402181103303
Q837P5_ENTFA_Meier_2023,fold_modulo_5,0.6219579757000216
Q837P5_ENTFA_Meier_2023,fold_contiguous_5,0.5960642040571283
PIN1_HUMAN_Tsuboyama_2023_1I6C,fold_random_5,0.9230421434411996
PIN1_HUMAN_Tsuboyama_2023_1I6C,fold_modulo_5,0.8212061977119282
PIN1_HUMAN_Tsuboyama_2023_1I6C,fold_contiguous_5,0.8207769414918158
CUE1_YEAST_Tsuboyama_2023_2MYX,fold_random_5,0.9400325094779126
CUE1_YEAST_Tsuboyama_2023_2MYX,fold_modulo_5,0.7656327037963041
CUE1_YEAST_Tsuboyama_2023_2MYX,fold_contiguous_5,0.7200146427670475
RNC_ECOLI_Weeks_2023,fold_random_5,0.7175171100765
RNC_ECOLI_Weeks_2023,fold_modulo_5,0.6727193152285855
RNC_ECOLI_Weeks_2023,fold_contiguous_5,0.6916437722489455
VILI_CHICK_Tsuboyama_2023_1YU5,fold_random_5,0.9267200915183752
VILI_CHICK_Tsuboyama_2023_1YU5,fold_modulo_5,0.8145054113929986
VILI_CHICK_Tsuboyama_2023_1YU5,fold_contiguous_5,0.7967211284438788
CSN4_MOUSE_Tsuboyama_2023_1UFM,fold_random_5,0.9274579811734681
CSN4_MOUSE_Tsuboyama_2023_1UFM,fold_modulo_5,0.833476759604888
CSN4_MOUSE_Tsuboyama_2023_1UFM,fold_contiguous_5,0.797395586917842
GLPA_HUMAN_Elazar_2016,fold_random_5,0.7645847783335646
GLPA_HUMAN_Elazar_2016,fold_modulo_5,0.45949946551991455
GLPA_HUMAN_Elazar_2016,fold_contiguous_5,0.3998367999738881
CP2C9_HUMAN_Amorosi_2021_activity,fold_random_5,0.8936773680328332
CP2C9_HUMAN_Amorosi_2021_activity,fold_modulo_5,0.8127293599066363
CP2C9_HUMAN_Amorosi_2021_activity,fold_contiguous_5,0.7543467143782832
NUSA_ECOLI_Tsuboyama_2023_1WCL,fold_random_5,0.944075175264357
NUSA_ECOLI_Tsuboyama_2023_1WCL,fold_modulo_5,0.8796031518460445
NUSA_ECOLI_Tsuboyama_2023_1WCL,fold_contiguous_5,0.8634059588743342
RBP1_HUMAN_Tsuboyama_2023_2KWH,fold_random_5,0.903808853650137
RBP1_HUMAN_Tsuboyama_2023_2KWH,fold_modulo_5,0.8738174597343589
RBP1_HUMAN_Tsuboyama_2023_2KWH,fold_contiguous_5,0.8627418686608441
AMIE_PSEAE_Wrenbeck_2017,fold_random_5,0.8335244366695231
AMIE_PSEAE_Wrenbeck_2017,fold_modulo_5,0.7147665951902052
AMIE_PSEAE_Wrenbeck_2017,fold_contiguous_5,0.6975717468045363
ESTA_BACSU_Nutschel_2020,fold_random_5,0.7609273550679202
ESTA_BACSU_Nutschel_2020,fold_modulo_5,0.6005976778909915
ESTA_BACSU_Nutschel_2020,fold_contiguous_5,0.5977589383901527
MYO3_YEAST_Tsuboyama_2023_2BTT,fold_random_5,0.9203078265699208
MYO3_YEAST_Tsuboyama_2023_2BTT,fold_modulo_5,0.8143975836694334
MYO3_YEAST_Tsuboyama_2023_2BTT,fold_contiguous_5,0.7971302174733118
RPC1_LAMBD_Li_2019_low-expression,fold_random_5,0.7135245310245311
RPC1_LAMBD_Li_2019_low-expression,fold_modulo_5,0.5822763347763347
RPC1_LAMBD_Li_2019_low-expression,fold_contiguous_5,0.595068265068265
RFAH_ECOLI_Tsuboyama_2023_2LCL,fold_random_5,0.8590600469368521
RFAH_ECOLI_Tsuboyama_2023_2LCL,fold_modulo_5,0.712083601618654
RFAH_ECOLI_Tsuboyama_2023_2LCL,fold_contiguous_5,0.7024312519140471
BBC1_YEAST_Tsuboyama_2023_1TG0,fold_random_5,0.9300567088160637
BBC1_YEAST_Tsuboyama_2023_1TG0,fold_modulo_5,0.8229771956501494
BBC1_YEAST_Tsuboyama_2023_1TG0,fold_contiguous_5,0.8124594246440314
LYAM1_HUMAN_Elazar_2016,fold_random_5,0.6951872503791355
LYAM1_HUMAN_Elazar_2016,fold_modulo_5,0.5849966023975143
LYAM1_HUMAN_Elazar_2016,fold_contiguous_5,0.6244513261024054
POLG_CXB3N_Mattenberger_2021,fold_random_5,0.7297073651220743
POLG_CXB3N_Mattenberger_2021,fold_modulo_5,0.5639242961546177
POLG_CXB3N_Mattenberger_2021,fold_contiguous_5,0.49321250258515875
P53_HUMAN_Giacomelli_2018_Null_Nutlin,fold_random_5,0.7402142984253912
P53_HUMAN_Giacomelli_2018_Null_Nutlin,fold_modulo_5,0.6934667656944509
P53_HUMAN_Giacomelli_2018_Null_Nutlin,fold_contiguous_5,0.6504186476656525
A0A140D2T1_ZIKV_Sourisseau_2019,fold_random_5,0.5852549952041853
A0A140D2T1_ZIKV_Sourisseau_2019,fold_modulo_5,0.41849529024135584
A0A140D2T1_ZIKV_Sourisseau_2019,fold_contiguous_5,0.38366752497098605
CCR5_HUMAN_Gill_2023,fold_random_5,0.531539400787895
CCR5_HUMAN_Gill_2023,fold_modulo_5,0.4666262044073169
CCR5_HUMAN_Gill_2023,fold_contiguous_5,0.3653157439677943
REV_HV1H2_Fernandes_2016,fold_random_5,0.5786576392380194
REV_HV1H2_Fernandes_2016,fold_modulo_5,0.4054914239948092
REV_HV1H2_Fernandes_2016,fold_contiguous_5,0.33080777847293086
BLAT_ECOLX_Stiffler_2015,fold_random_5,0.9089455087233028
BLAT_ECOLX_Stiffler_2015,fold_modulo_5,0.8264189607102417
BLAT_ECOLX_Stiffler_2015,fold_contiguous_5,0.803821337583211
P53_HUMAN_Giacomelli_2018_WT_Nutlin,fold_random_5,0.8851946323397153
P53_HUMAN_Giacomelli_2018_WT_Nutlin,fold_modulo_5,0.8592428298716849
P53_HUMAN_Giacomelli_2018_WT_Nutlin,fold_contiguous_5,0.7439108697984008
TPOR_HUMAN_Bridgford_2020,fold_random_5,0.6458802795203793
TPOR_HUMAN_Bridgford_2020,fold_modulo_5,0.5162015661121241
TPOR_HUMAN_Bridgford_2020,fold_contiguous_5,0.47594313013054607
SYUA_HUMAN_Newberry_2020,fold_random_5,0.6006375146867128
SYUA_HUMAN_Newberry_2020,fold_modulo_5,0.5625106421514925
SYUA_HUMAN_Newberry_2020,fold_contiguous_5,0.502857950079604
ARGR_ECOLI_Tsuboyama_2023_1AOY,fold_random_5,0.8802873316194028
ARGR_ECOLI_Tsuboyama_2023_1AOY,fold_modulo_5,0.7924706567696828
ARGR_ECOLI_Tsuboyama_2023_1AOY,fold_contiguous_5,0.7322723932366234
ENV_HV1BR_Haddox_2016,fold_random_5,0.37478430725253215
ENV_HV1BR_Haddox_2016,fold_modulo_5,0.3547914883636882
ENV_HV1BR_Haddox_2016,fold_contiguous_5,0.32166638807028713
PTEN_HUMAN_Mighell_2018,fold_random_5,0.6474628551632299
PTEN_HUMAN_Mighell_2018,fold_modulo_5,0.5891728097288766
PTEN_HUMAN_Mighell_2018,fold_contiguous_5,0.5351043373511741
VRPI_BPT7_Tsuboyama_2023_2WNM,fold_random_5,0.9323757476515971
VRPI_BPT7_Tsuboyama_2023_2WNM,fold_modulo_5,0.8396838037597449
VRPI_BPT7_Tsuboyama_2023_2WNM,fold_contiguous_5,0.8384878602295668
PITX2_HUMAN_Tsuboyama_2023_2L7M,fold_random_5,0.9313776180587735
PITX2_HUMAN_Tsuboyama_2023_2L7M,fold_modulo_5,0.7708580916695674
PITX2_HUMAN_Tsuboyama_2023_2L7M,fold_contiguous_5,0.7275849953139173
KCNJ2_MOUSE_Coyote-Maestas_2022_surface,fold_random_5,0.6546756846748002
KCNJ2_MOUSE_Coyote-Maestas_2022_surface,fold_modulo_5,0.5066812990720021
KCNJ2_MOUSE_Coyote-Maestas_2022_surface,fold_contiguous_5,0.4554049253198378
SHOC2_HUMAN_Kwon_2022,fold_random_5,0.6491497367186881
SHOC2_HUMAN_Kwon_2022,fold_modulo_5,0.539276709201581
SHOC2_HUMAN_Kwon_2022,fold_contiguous_5,0.4638175714178784
Q2N0S5_9HIV1_Haddox_2018,fold_random_5,0.8411522928289531
Q2N0S5_9HIV1_Haddox_2018,fold_modulo_5,0.6288325193579555
Q2N0S5_9HIV1_Haddox_2018,fold_contiguous_5,0.5134485862642336
P53_HUMAN_Kotler_2018,fold_random_5,0.7905387911661887
P53_HUMAN_Kotler_2018,fold_modulo_5,0.7435375788239807
P53_HUMAN_Kotler_2018,fold_contiguous_5,0.7241782087790357
SRC_HUMAN_Nguyen_2022,fold_random_5,0.7339785133859078
SRC_HUMAN_Nguyen_2022,fold_modulo_5,0.5917048321208795
SRC_HUMAN_Nguyen_2022,fold_contiguous_5,0.5722404313960995
HXK4_HUMAN_Gersing_2022_activity,fold_random_5,0.6999513687723776
HXK4_HUMAN_Gersing_2022_activity,fold_modulo_5,0.6495634465030504
HXK4_HUMAN_Gersing_2022_activity,fold_contiguous_5,0.6324382382286766
SRBS1_HUMAN_Tsuboyama_2023_2O2W,fold_random_5,0.9376115120708075
SRBS1_HUMAN_Tsuboyama_2023_2O2W,fold_modulo_5,0.7773191034289976
SRBS1_HUMAN_Tsuboyama_2023_2O2W,fold_contiguous_5,0.7924737177568819
PSAE_SYNP2_Tsuboyama_2023_1PSE,fold_random_5,0.9001071953087129
PSAE_SYNP2_Tsuboyama_2023_1PSE,fold_modulo_5,0.7312863827906646
PSAE_SYNP2_Tsuboyama_2023_1PSE,fold_contiguous_5,0.7203375357083068
MLAC_ECOLI_MacRae_2023,fold_random_5,0.7804805113386186
MLAC_ECOLI_MacRae_2023,fold_modulo_5,0.6391504699280101
MLAC_ECOLI_MacRae_2023,fold_contiguous_5,0.5717464400287159
TRPC_SACS2_Chan_2017,fold_random_5,0.8096139647647737
TRPC_SACS2_Chan_2017,fold_modulo_5,0.6720482321365101
TRPC_SACS2_Chan_2017,fold_contiguous_5,0.690399069531578
SRC_HUMAN_Ahler_2019,fold_random_5,0.8262563400638858
SRC_HUMAN_Ahler_2019,fold_modulo_5,0.6503072801871643
SRC_HUMAN_Ahler_2019,fold_contiguous_5,0.6541699519141855
RCD1_ARATH_Tsuboyama_2023_5OAO,fold_random_5,0.911001362749993
RCD1_ARATH_Tsuboyama_2023_5OAO,fold_modulo_5,0.8352119801455551
RCD1_ARATH_Tsuboyama_2023_5OAO,fold_contiguous_5,0.8078284109838372
C6KNH7_9INFA_Lee_2018,fold_random_5,0.8273741057811522
C6KNH7_9INFA_Lee_2018,fold_modulo_5,0.7023206571420256
C6KNH7_9INFA_Lee_2018,fold_contiguous_5,0.6403706060086856
SPG2_STRSG_Tsuboyama_2023_5UBS,fold_random_5,0.9133137501372589
SPG2_STRSG_Tsuboyama_2023_5UBS,fold_modulo_5,0.8104769364747361
SPG2_STRSG_Tsuboyama_2023_5UBS,fold_contiguous_5,0.7936063372282753
UBE4B_MOUSE_Starita_2013,fold_random_5,0.5712372946753385
UBE4B_MOUSE_Starita_2013,fold_modulo_5,0.5044698849058461
UBE4B_MOUSE_Starita_2013,fold_contiguous_5,0.51446173080339
CP2C9_HUMAN_Amorosi_2021_abundance,fold_random_5,0.8288937478030015
CP2C9_HUMAN_Amorosi_2021_abundance,fold_modulo_5,0.7662954712797574
CP2C9_HUMAN_Amorosi_2021_abundance,fold_contiguous_5,0.7198277635372977
SRC_HUMAN_Chakraborty_2023_binding-DAS_25uM,fold_random_5,0.7400088472570614
SRC_HUMAN_Chakraborty_2023_binding-DAS_25uM,fold_modulo_5,0.545652581311754
SRC_HUMAN_Chakraborty_2023_binding-DAS_25uM,fold_contiguous_5,0.5448145147691758
TPK1_HUMAN_Weile_2017,fold_random_5,0.42404113144847977
TPK1_HUMAN_Weile_2017,fold_modulo_5,0.3488342039081405
TPK1_HUMAN_Weile_2017,fold_contiguous_5,0.3211759346221371
EPHB2_HUMAN_Tsuboyama_2023_1F0M,fold_random_5,0.9275141680368986
EPHB2_HUMAN_Tsuboyama_2023_1F0M,fold_modulo_5,0.8180084004443121
EPHB2_HUMAN_Tsuboyama_2023_1F0M,fold_contiguous_5,0.7879894996338825
RD23A_HUMAN_Tsuboyama_2023_1IFY,fold_random_5,0.9326385082984849
RD23A_HUMAN_Tsuboyama_2023_1IFY,fold_modulo_5,0.8288059695377518
RD23A_HUMAN_Tsuboyama_2023_1IFY,fold_contiguous_5,0.8407947340426418
BLAT_ECOLX_Deng_2012,fold_random_5,0.8465947643518082
BLAT_ECOLX_Deng_2012,fold_modulo_5,0.5928182032308429
BLAT_ECOLX_Deng_2012,fold_contiguous_5,0.49985092723377955
SPTN1_CHICK_Tsuboyama_2023_1TUD,fold_random_5,0.9148785435458637
SPTN1_CHICK_Tsuboyama_2023_1TUD,fold_modulo_5,0.7492427428728542
SPTN1_CHICK_Tsuboyama_2023_1TUD,fold_contiguous_5,0.7824447268605826
B2L11_HUMAN_Dutta_2010_binding-Mcl-1,fold_random_5,0.824671319789205
B2L11_HUMAN_Dutta_2010_binding-Mcl-1,fold_modulo_5,0.2049682158755748
B2L11_HUMAN_Dutta_2010_binding-Mcl-1,fold_contiguous_5,0.014519940645208567
GFP_AEQVI_Sarkisyan_2016,fold_random_5,0.56753420251604
GFP_AEQVI_Sarkisyan_2016,fold_modulo_5,0.4966386838734159
GFP_AEQVI_Sarkisyan_2016,fold_contiguous_5,0.42654966492800434
SPIKE_SARS2_Starr_2020_binding,fold_random_5,0.8408196821904702
SPIKE_SARS2_Starr_2020_binding,fold_modulo_5,0.7055112789532416
SPIKE_SARS2_Starr_2020_binding,fold_contiguous_5,0.6947135396694627
KCNE1_HUMAN_Muhammad_2023_function,fold_random_5,0.7859287519621526
KCNE1_HUMAN_Muhammad_2023_function,fold_modulo_5,0.6895497958508154
KCNE1_HUMAN_Muhammad_2023_function,fold_contiguous_5,0.6826939469000007
CAPSD_AAV2S_Sinai_2021,fold_random_5,0.8177848347775025
CAPSD_AAV2S_Sinai_2021,fold_modulo_5,0.6183673161980858
CAPSD_AAV2S_Sinai_2021,fold_contiguous_5,0.5135256017743345
A0A2Z5U3Z0_9INFA_Doud_2016,fold_random_5,0.8357458155739088
A0A2Z5U3Z0_9INFA_Doud_2016,fold_modulo_5,0.7079179701030551
A0A2Z5U3Z0_9INFA_Doud_2016,fold_contiguous_5,0.6341119351315343
MK01_HUMAN_Brenan_2016,fold_random_5,0.5995303969390545
MK01_HUMAN_Brenan_2016,fold_modulo_5,0.5115151606505091
MK01_HUMAN_Brenan_2016,fold_contiguous_5,0.4527030267610636
OTC_HUMAN_Lo_2023,fold_random_5,0.8691559164622906
OTC_HUMAN_Lo_2023,fold_modulo_5,0.8062493921920247
OTC_HUMAN_Lo_2023,fold_contiguous_5,0.7680969579718869
OPSD_HUMAN_Wan_2019,fold_random_5,0.7274383565303343
OPSD_HUMAN_Wan_2019,fold_modulo_5,0.7248791173563434
OPSD_HUMAN_Wan_2019,fold_contiguous_5,0.6959581118264634
RASK_HUMAN_Weng_2022_abundance,fold_random_5,0.7694063721992243
RASK_HUMAN_Weng_2022_abundance,fold_modulo_5,0.6498975826141953
RASK_HUMAN_Weng_2022_abundance,fold_contiguous_5,0.5580267648238179
A0A1I9GEU1_NEIME_Kennouche_2019,fold_random_5,0.08893423004819545
A0A1I9GEU1_NEIME_Kennouche_2019,fold_modulo_5,0.05054861591756768
A0A1I9GEU1_NEIME_Kennouche_2019,fold_contiguous_5,0.06814539644521575
SC6A4_HUMAN_Young_2021,fold_random_5,0.7358499178625393
SC6A4_HUMAN_Young_2021,fold_modulo_5,0.6687910034762825
SC6A4_HUMAN_Young_2021,fold_contiguous_5,0.6126527231577369
OXDA_RHOTO_Vanella_2023_expression,fold_random_5,0.661187383981681
OXDA_RHOTO_Vanella_2023_expression,fold_modulo_5,0.6135794812025801
OXDA_RHOTO_Vanella_2023_expression,fold_contiguous_5,0.5967124287349769
OBSCN_HUMAN_Tsuboyama_2023_1V1C,fold_random_5,0.9313722225974713
OBSCN_HUMAN_Tsuboyama_2023_1V1C,fold_modulo_5,0.8375560077402134
OBSCN_HUMAN_Tsuboyama_2023_1V1C,fold_contiguous_5,0.8226674085529921
RDRP_I33A0_Li_2023,fold_random_5,0.6580737605501906
RDRP_I33A0_Li_2023,fold_modulo_5,0.54661226334573
RDRP_I33A0_Li_2023,fold_contiguous_5,0.44730959053629193
VKOR1_HUMAN_Chiasson_2020_activity,fold_random_5,0.445970269207482
VKOR1_HUMAN_Chiasson_2020_activity,fold_modulo_5,0.45399202635755803
VKOR1_HUMAN_Chiasson_2020_activity,fold_contiguous_5,0.42527997122054434
BRCA1_HUMAN_Findlay_2018,fold_random_5,0.6834461939901065
BRCA1_HUMAN_Findlay_2018,fold_modulo_5,0.6194492535763141
BRCA1_HUMAN_Findlay_2018,fold_contiguous_5,0.5830631936323645
PABP_YEAST_Melamed_2013,fold_random_5,0.8482400260864539
PABP_YEAST_Melamed_2013,fold_modulo_5,0.7489239480305712
PABP_YEAST_Melamed_2013,fold_contiguous_5,0.725965845657311
ANCSZ_Hobbs_2022,fold_random_5,0.79125027432922
ANCSZ_Hobbs_2022,fold_modulo_5,0.6636512354570744
ANCSZ_Hobbs_2022,fold_contiguous_5,0.5819185666577287
SCN5A_HUMAN_Glazer_2019,fold_random_5,0.1549386904434827
SCN5A_HUMAN_Glazer_2019,fold_modulo_5,0.18391474052817774
SCN5A_HUMAN_Glazer_2019,fold_contiguous_5,0.19321983047184885
GAL4_YEAST_Kitzman_2015,fold_random_5,0.7379553702052667
GAL4_YEAST_Kitzman_2015,fold_modulo_5,0.6712541248171543
GAL4_YEAST_Kitzman_2015,fold_contiguous_5,0.6416190282380706
BLAT_ECOLX_Firnberg_2014,fold_random_5,0.9094291527334242
BLAT_ECOLX_Firnberg_2014,fold_modulo_5,0.8358519455250756
BLAT_ECOLX_Firnberg_2014,fold_contiguous_5,0.8211642431147228
POLG_HCVJF_Qi_2014,fold_random_5,0.7051641297722873
POLG_HCVJF_Qi_2014,fold_modulo_5,0.5938464044851408
POLG_HCVJF_Qi_2014,fold_contiguous_5,0.5047974916538608
GCN4_YEAST_Staller_2018,fold_random_5,0.11497326203208558
GCN4_YEAST_Staller_2018,fold_modulo_5,0.5137032085561497
GCN4_YEAST_Staller_2018,fold_contiguous_5,0.6704545454545455
HIS7_YEAST_Pokusaeva_2019,fold_random_5,0.040174958731082705
HIS7_YEAST_Pokusaeva_2019,fold_modulo_5,0.031620633387057284
HIS7_YEAST_Pokusaeva_2019,fold_contiguous_5,0.06998597901407667
DLG4_HUMAN_Faure_2021,fold_random_5,0.8154825033868488
DLG4_HUMAN_Faure_2021,fold_modulo_5,0.6601417469236435
DLG4_HUMAN_Faure_2021,fold_contiguous_5,0.6230562362394366
CBX4_HUMAN_Tsuboyama_2023_2K28,fold_random_5,0.9201941029531361
CBX4_HUMAN_Tsuboyama_2023_2K28,fold_modulo_5,0.81076795308054
CBX4_HUMAN_Tsuboyama_2023_2K28,fold_contiguous_5,0.8125047678993595
CAR11_HUMAN_Meitlis_2020_lof,fold_random_5,0.7938993572925452
CAR11_HUMAN_Meitlis_2020_lof,fold_modulo_5,0.7202797580908262
CAR11_HUMAN_Meitlis_2020_lof,fold_contiguous_5,0.7256522113939498
ENVZ_ECOLI_Ghose_2023,fold_random_5,0.45933248735077087
ENVZ_ECOLI_Ghose_2023,fold_modulo_5,0.23457920324417753
ENVZ_ECOLI_Ghose_2023,fold_contiguous_5,0.301459942940512
S22A1_HUMAN_Yee_2023_abundance,fold_random_5,0.8369084341819099
S22A1_HUMAN_Yee_2023_abundance,fold_modulo_5,0.7374022400556121
S22A1_HUMAN_Yee_2023_abundance,fold_contiguous_5,0.7080418807879822
UBC9_HUMAN_Weile_2017,fold_random_5,0.7323828436957529
UBC9_HUMAN_Weile_2017,fold_modulo_5,0.5958679965729627
UBC9_HUMAN_Weile_2017,fold_contiguous_5,0.4922668539789955
TRPC_THEMA_Chan_2017,fold_random_5,0.7867972048484169
TRPC_THEMA_Chan_2017,fold_modulo_5,0.5753454450672617
TRPC_THEMA_Chan_2017,fold_contiguous_5,0.5245394555800911
PKN1_HUMAN_Tsuboyama_2023_1URF,fold_random_5,0.861687066993159
PKN1_HUMAN_Tsuboyama_2023_1URF,fold_modulo_5,0.6839966802184451
PKN1_HUMAN_Tsuboyama_2023_1URF,fold_contiguous_5,0.6470400131221831
CATR_CHLRE_Tsuboyama_2023_2AMI,fold_random_5,0.9031171075258074
CATR_CHLRE_Tsuboyama_2023_2AMI,fold_modulo_5,0.8039890966248298
CATR_CHLRE_Tsuboyama_2023_2AMI,fold_contiguous_5,0.7968350178375183
D7PM05_CLYGR_Somermeyer_2022,fold_random_5,0.790090158322546
D7PM05_CLYGR_Somermeyer_2022,fold_modulo_5,0.7008326224166875
D7PM05_CLYGR_Somermeyer_2022,fold_contiguous_5,0.6583344374992491
RAD_ANTMA_Tsuboyama_2023_2CJJ,fold_random_5,0.8755450570275171
RAD_ANTMA_Tsuboyama_2023_2CJJ,fold_modulo_5,0.7171522117269291
RAD_ANTMA_Tsuboyama_2023_2CJJ,fold_contiguous_5,0.6437131016259887
POLG_DEN26_Suphatrakul_2023,fold_random_5,0.8247738026460185
POLG_DEN26_Suphatrakul_2023,fold_modulo_5,0.6552723707628983
POLG_DEN26_Suphatrakul_2023,fold_contiguous_5,0.5677423293949642
HSP82_YEAST_Mishra_2016,fold_random_5,0.7168916951525287
HSP82_YEAST_Mishra_2016,fold_modulo_5,0.602487124755226
HSP82_YEAST_Mishra_2016,fold_contiguous_5,0.6329380596405397
DN7A_SACS2_Tsuboyama_2023_1JIC,fold_random_5,0.9133538448098666
DN7A_SACS2_Tsuboyama_2023_1JIC,fold_modulo_5,0.7518876196418828
DN7A_SACS2_Tsuboyama_2023_1JIC,fold_contiguous_5,0.6868360196825065
HECD1_HUMAN_Tsuboyama_2023_3DKM,fold_random_5,0.9245978977645365
HECD1_HUMAN_Tsuboyama_2023_3DKM,fold_modulo_5,0.8299623453654026
HECD1_HUMAN_Tsuboyama_2023_3DKM,fold_contiguous_5,0.7861551048557391
NPC1_HUMAN_Erwood_2022_RPE1,fold_random_5,0.7719854070660523
NPC1_HUMAN_Erwood_2022_RPE1,fold_modulo_5,0.7196620583717358
NPC1_HUMAN_Erwood_2022_RPE1,fold_contiguous_5,0.8032354070660522
SBI_STAAM_Tsuboyama_2023_2JVG,fold_random_5,0.8906706202752817
SBI_STAAM_Tsuboyama_2023_2JVG,fold_modulo_5,0.7375654217479674
SBI_STAAM_Tsuboyama_2023_2JVG,fold_contiguous_5,0.7353433555305947
NCAP_I34A1_Doud_2015,fold_random_5,0.6544848784875033
NCAP_I34A1_Doud_2015,fold_modulo_5,0.5052484495544157
NCAP_I34A1_Doud_2015,fold_contiguous_5,0.43844382424819334
VKOR1_HUMAN_Chiasson_2020_abundance,fold_random_5,0.8264949460876825
VKOR1_HUMAN_Chiasson_2020_abundance,fold_modulo_5,0.6959853552981793
VKOR1_HUMAN_Chiasson_2020_abundance,fold_contiguous_5,0.6713628903274586
SDA_BACSU_Tsuboyama_2023_1PV0,fold_random_5,0.9264552312115127
SDA_BACSU_Tsuboyama_2023_1PV0,fold_modulo_5,0.8607689558397779
SDA_BACSU_Tsuboyama_2023_1PV0,fold_contiguous_5,0.8089487981467519
NUSG_MYCTU_Tsuboyama_2023_2MI6,fold_random_5,0.9525194084836959
NUSG_MYCTU_Tsuboyama_2023_2MI6,fold_modulo_5,0.8953258707463543
NUSG_MYCTU_Tsuboyama_2023_2MI6,fold_contiguous_5,0.8484595527914273
S22A1_HUMAN_Yee_2023_activity,fold_random_5,0.7913813602921534
S22A1_HUMAN_Yee_2023_activity,fold_modulo_5,0.7070978190855779
S22A1_HUMAN_Yee_2023_activity,fold_contiguous_5,0.6925897027999318
BLAT_ECOLX_Jacquier_2013,fold_random_5,0.7762487817569137
BLAT_ECOLX_Jacquier_2013,fold_modulo_5,0.7447686324239722
BLAT_ECOLX_Jacquier_2013,fold_contiguous_5,0.7404527985013035
OTU7A_HUMAN_Tsuboyama_2023_2L2D,fold_random_5,0.9056285551056905
OTU7A_HUMAN_Tsuboyama_2023_2L2D,fold_modulo_5,0.8074079767467909
OTU7A_HUMAN_Tsuboyama_2023_2L2D,fold_contiguous_5,0.7887095209462128
Q53Z42_HUMAN_McShan_2019_binding-TAPBPR,fold_random_5,0.7869578139558416
Q53Z42_HUMAN_McShan_2019_binding-TAPBPR,fold_modulo_5,0.647046351632345
Q53Z42_HUMAN_McShan_2019_binding-TAPBPR,fold_contiguous_5,0.5710674946352987
DYR_ECOLI_Nguyen_2023,fold_random_5,0.6911665784116888
DYR_ECOLI_Nguyen_2023,fold_modulo_5,0.553710144928801
DYR_ECOLI_Nguyen_2023,fold_contiguous_5,0.5724603951393896
DNJA1_HUMAN_Tsuboyama_2023_2LO1,fold_random_5,0.9246588827435461
DNJA1_HUMAN_Tsuboyama_2023_2LO1,fold_modulo_5,0.8211841411175769
DNJA1_HUMAN_Tsuboyama_2023_2LO1,fold_contiguous_5,0.7628111914116832
HEM3_HUMAN_Loggerenberg_2023,fold_random_5,0.5257186783720839
HEM3_HUMAN_Loggerenberg_2023,fold_modulo_5,0.4944408504508679
HEM3_HUMAN_Loggerenberg_2023,fold_contiguous_5,0.48262095388383647
CCDB_ECOLI_Adkar_2012,fold_random_5,0.9977741477638764
CCDB_ECOLI_Adkar_2012,fold_modulo_5,0.6392740611645337
CCDB_ECOLI_Adkar_2012,fold_contiguous_5,0.45731541842284756
RPC1_BP434_Tsuboyama_2023_1R69,fold_random_5,0.9423786861366299
RPC1_BP434_Tsuboyama_2023_1R69,fold_modulo_5,0.8822906530022002
RPC1_BP434_Tsuboyama_2023_1R69,fold_contiguous_5,0.855507166556282
I6TAH8_I68A0_Doud_2015,fold_random_5,0.7429801058166271
I6TAH8_I68A0_Doud_2015,fold_modulo_5,0.4867686078605712
I6TAH8_I68A0_Doud_2015,fold_contiguous_5,0.3884889841528131
RS15_GEOSE_Tsuboyama_2023_1A32,fold_random_5,0.9131426010982975
RS15_GEOSE_Tsuboyama_2023_1A32,fold_modulo_5,0.7969163346574324
RS15_GEOSE_Tsuboyama_2023_1A32,fold_contiguous_5,0.7699304375110183
HSP82_YEAST_Cote-Hammarlof_2020_growth-H2O2,fold_random_5,0.6184729852848433
HSP82_YEAST_Cote-Hammarlof_2020_growth-H2O2,fold_modulo_5,0.45037865917397013
HSP82_YEAST_Cote-Hammarlof_2020_growth-H2O2,fold_contiguous_5,0.41474344784654893
CD19_HUMAN_Klesmith_2019_FMC_singles,fold_random_5,0.6338473404839201
CD19_HUMAN_Klesmith_2019_FMC_singles,fold_modulo_5,0.4952711267196881
CD19_HUMAN_Klesmith_2019_FMC_singles,fold_contiguous_5,0.35799159938492603
IF1_ECOLI_Kelsic_2016,fold_random_5,0.7753270605692635
IF1_ECOLI_Kelsic_2016,fold_modulo_5,0.5644471602314692
IF1_ECOLI_Kelsic_2016,fold_contiguous_5,0.5508514679752143
SPG1_STRSG_Olson_2014,fold_random_5,0.8671593674270781
SPG1_STRSG_Olson_2014,fold_modulo_5,0.5591661024349704
SPG1_STRSG_Olson_2014,fold_contiguous_5,0.5537816828625304
MBD11_ARATH_Tsuboyama_2023_6ACV,fold_random_5,0.9424325783659648
MBD11_ARATH_Tsuboyama_2023_6ACV,fold_modulo_5,0.7831427943701785
MBD11_ARATH_Tsuboyama_2023_6ACV,fold_contiguous_5,0.7814844172695513
NRAM_I33A0_Jiang_2016,fold_random_5,0.7312933151859327
NRAM_I33A0_Jiang_2016,fold_modulo_5,0.7157324405646552
NRAM_I33A0_Jiang_2016,fold_contiguous_5,0.19146165250629799
CCDB_ECOLI_Tripathi_2016,fold_random_5,0.47689794648548745
CCDB_ECOLI_Tripathi_2016,fold_modulo_5,0.442032030507873
CCDB_ECOLI_Tripathi_2016,fold_contiguous_5,0.4791929532201786
SPIKE_SARS2_Starr_2020_expression,fold_random_5,0.9073633639259401
SPIKE_SARS2_Starr_2020_expression,fold_modulo_5,0.7784005808850556
SPIKE_SARS2_Starr_2020_expression,fold_contiguous_5,0.7789097149835791
P84126_THETH_Chan_2017,fold_random_5,0.8586907008784326
P84126_THETH_Chan_2017,fold_modulo_5,0.7335173062602797
P84126_THETH_Chan_2017,fold_contiguous_5,0.7563968495311088
A4D664_9INFA_Soh_2019,fold_random_5,0.7600978787667957
A4D664_9INFA_Soh_2019,fold_modulo_5,0.5378849194022743
A4D664_9INFA_Soh_2019,fold_contiguous_5,0.38190084694172993
PRKN_HUMAN_Clausen_2023,fold_random_5,0.8747890500862793
PRKN_HUMAN_Clausen_2023,fold_modulo_5,0.7493532260668291
PRKN_HUMAN_Clausen_2023,fold_contiguous_5,0.6850668064183965
PPM1D_HUMAN_Miller_2022,fold_random_5,0.6870907007864051
PPM1D_HUMAN_Miller_2022,fold_modulo_5,0.6625746387363759
PPM1D_HUMAN_Miller_2022,fold_contiguous_5,0.672374500230935
ILF3_HUMAN_Tsuboyama_2023_2L33,fold_random_5,0.7590329938864314
ILF3_HUMAN_Tsuboyama_2023_2L33,fold_modulo_5,0.6487967246027168
ILF3_HUMAN_Tsuboyama_2023_2L33,fold_contiguous_5,0.6397870202444566
NUD15_HUMAN_Suiter_2020,fold_random_5,0.8348231438441356
NUD15_HUMAN_Suiter_2020,fold_modulo_5,0.6846369613828326
NUD15_HUMAN_Suiter_2020,fold_contiguous_5,0.6643532271988748
POLG_PESV_Tsuboyama_2023_2MXD,fold_random_5,0.9180411889512288
POLG_PESV_Tsuboyama_2023_2MXD,fold_modulo_5,0.721923793167676
POLG_PESV_Tsuboyama_2023_2MXD,fold_contiguous_5,0.6882308319859217
RCRO_LAMBD_Tsuboyama_2023_1ORC,fold_random_5,0.9289440091685812
RCRO_LAMBD_Tsuboyama_2023_1ORC,fold_modulo_5,0.7829798648298094
RCRO_LAMBD_Tsuboyama_2023_1ORC,fold_contiguous_5,0.6954334018787632
ODP2_GEOSE_Tsuboyama_2023_1W4G,fold_random_5,0.8893254786190954
ODP2_GEOSE_Tsuboyama_2023_1W4G,fold_modulo_5,0.7401765106424592
ODP2_GEOSE_Tsuboyama_2023_1W4G,fold_contiguous_5,0.7129491769422803
ENV_HV1B9_DuenasDecamp_2016,fold_random_5,0.5154806419020757
ENV_HV1B9_DuenasDecamp_2016,fold_modulo_5,0.1164479924511938
ENV_HV1B9_DuenasDecamp_2016,fold_contiguous_5,0.0681380134441794
CAS9_STRP1_Spencer_2017_positive,fold_random_5,0.2519115682561342
CAS9_STRP1_Spencer_2017_positive,fold_modulo_5,0.23628114267986258
CAS9_STRP1_Spencer_2017_positive,fold_contiguous_5,0.22421805404956943
DOCK1_MOUSE_Tsuboyama_2023_2M0Y,fold_random_5,0.8999866281883734
DOCK1_MOUSE_Tsuboyama_2023_2M0Y,fold_modulo_5,0.7536318675444065
DOCK1_MOUSE_Tsuboyama_2023_2M0Y,fold_contiguous_5,0.7420980009370218
BCHB_CHLTE_Tsuboyama_2023_2KRU,fold_random_5,0.9196608935970169
BCHB_CHLTE_Tsuboyama_2023_2KRU,fold_modulo_5,0.7593969293164199
BCHB_CHLTE_Tsuboyama_2023_2KRU,fold_contiguous_5,0.701936134387696
HSP82_YEAST_Flynn_2019,fold_random_5,0.657652913490194
HSP82_YEAST_Flynn_2019,fold_modulo_5,0.5176532402318377
HSP82_YEAST_Flynn_2019,fold_contiguous_5,0.4255469976764227
Q6WV13_9MAXI_Somermeyer_2022,fold_random_5,0.7188769200406925
Q6WV13_9MAXI_Somermeyer_2022,fold_modulo_5,0.4725844916460997
Q6WV13_9MAXI_Somermeyer_2022,fold_contiguous_5,0.3685773774955046
R1AB_SARS2_Flynn_2022,fold_random_5,0.820371538082359
R1AB_SARS2_Flynn_2022,fold_modulo_5,0.6454342137306242
R1AB_SARS2_Flynn_2022,fold_contiguous_5,0.5973335691981302
SUMO1_HUMAN_Weile_2017,fold_random_5,0.6698359183230329
SUMO1_HUMAN_Weile_2017,fold_modulo_5,0.5875749608467653
SUMO1_HUMAN_Weile_2017,fold_contiguous_5,0.6039353565418494
MTH3_HAEAE_RockahShmuel_2015,fold_random_5,0.7626924572794973
MTH3_HAEAE_RockahShmuel_2015,fold_modulo_5,0.7357135356192397
MTH3_HAEAE_RockahShmuel_2015,fold_contiguous_5,0.7098716980945354
Q837P4_ENTFA_Meier_2023,fold_random_5,0.8051489530939351
Q837P4_ENTFA_Meier_2023,fold_modulo_5,0.6244330260944438
Q837P4_ENTFA_Meier_2023,fold_contiguous_5,0.6333734714666797
CASP3_HUMAN_Roychowdhury_2020,fold_random_5,0.7413828157703531
CASP3_HUMAN_Roychowdhury_2020,fold_modulo_5,0.7106133943282366
CASP3_HUMAN_Roychowdhury_2020,fold_contiguous_5,0.607012869477464
THO1_YEAST_Tsuboyama_2023_2WQG,fold_random_5,0.9110897437532359
THO1_YEAST_Tsuboyama_2023_2WQG,fold_modulo_5,0.7717609961836313
THO1_YEAST_Tsuboyama_2023_2WQG,fold_contiguous_5,0.7316762437205048
GRB2_HUMAN_Faure_2021,fold_random_5,0.9054881778282451
GRB2_HUMAN_Faure_2021,fold_modulo_5,0.8213542398090604
GRB2_HUMAN_Faure_2021,fold_contiguous_5,0.7908887952304422
OXDA_RHOTO_Vanella_2023_activity,fold_random_5,0.5888541419336216
OXDA_RHOTO_Vanella_2023_activity,fold_modulo_5,0.5286667436722996
OXDA_RHOTO_Vanella_2023_activity,fold_contiguous_5,0.5095873318762101
HXK4_HUMAN_Gersing_2023_abundance,fold_random_5,0.6615186819127563
HXK4_HUMAN_Gersing_2023_abundance,fold_modulo_5,0.5716853934396275
HXK4_HUMAN_Gersing_2023_abundance,fold_contiguous_5,0.4930542517534697
PHOT_CHLRE_Chen_2023,fold_random_5,0.7893858765838088
PHOT_CHLRE_Chen_2023,fold_modulo_5,0.6764718253979991
PHOT_CHLRE_Chen_2023,fold_contiguous_5,0.658152479365904
PR40A_HUMAN_Tsuboyama_2023_1UZC,fold_random_5,0.8839973476421067
PR40A_HUMAN_Tsuboyama_2023_1UZC,fold_modulo_5,0.746506711887128
PR40A_HUMAN_Tsuboyama_2023_1UZC,fold_contiguous_5,0.6850206682796387
F7YBW8_MESOW_Aakre_2015,fold_random_5,0.5087719298245613
F7YBW8_MESOW_Aakre_2015,fold_modulo_5,0.3134186818397344
F7YBW8_MESOW_Aakre_2015,fold_contiguous_5,0.3134186818397344
ERBB2_HUMAN_Elazar_2016,fold_random_5,0.7273061513880469
ERBB2_HUMAN_Elazar_2016,fold_modulo_5,0.6609895893405919
ERBB2_HUMAN_Elazar_2016,fold_contiguous_5,0.6885614807539916
Q59976_STRSQ_Romero_2015,fold_random_5,0.7612676866179828
Q59976_STRSQ_Romero_2015,fold_modulo_5,0.721864714008798
Q59976_STRSQ_Romero_2015,fold_contiguous_5,0.68269085975422
RASH_HUMAN_Bandaru_2017,fold_random_5,0.8387751775627643
RASH_HUMAN_Bandaru_2017,fold_modulo_5,0.7193317329691971
RASH_HUMAN_Bandaru_2017,fold_contiguous_5,0.6715910657205598
UBE4B_HUMAN_Tsuboyama_2023_3L1X,fold_random_5,0.9331437743219724
UBE4B_HUMAN_Tsuboyama_2023_3L1X,fold_modulo_5,0.855153705017424
UBE4B_HUMAN_Tsuboyama_2023_3L1X,fold_contiguous_5,0.818222582833106
SR43C_ARATH_Tsuboyama_2023_2N88,fold_random_5,0.9335012025713608
SR43C_ARATH_Tsuboyama_2023_2N88,fold_modulo_5,0.8581328563811089
SR43C_ARATH_Tsuboyama_2023_2N88,fold_contiguous_5,0.8509336025526416
F7YBW7_MESOW_Ding_2023,fold_random_5,0.6773792780121894
F7YBW7_MESOW_Ding_2023,fold_modulo_5,0.3124941397093296
F7YBW7_MESOW_Ding_2023,fold_contiguous_5,0.3664556962025317
RASK_HUMAN_Weng_2022_binding-DARPin_K55,fold_random_5,0.8233339459796801
RASK_HUMAN_Weng_2022_binding-DARPin_K55,fold_modulo_5,0.7055345603386903
RASK_HUMAN_Weng_2022_binding-DARPin_K55,fold_contiguous_5,0.686508123588895
RL40A_YEAST_Roscoe_2013,fold_random_5,0.8460314404195171
RL40A_YEAST_Roscoe_2013,fold_modulo_5,0.7247825868965039
RL40A_YEAST_Roscoe_2013,fold_contiguous_5,0.6960567942355177
A4GRB6_PSEAI_Chen_2020,fold_random_5,0.9053740605545846
A4GRB6_PSEAI_Chen_2020,fold_modulo_5,0.8311070939021531
A4GRB6_PSEAI_Chen_2020,fold_contiguous_5,0.8248503413697356
NPC1_HUMAN_Erwood_2022_HEK293T,fold_random_5,0.8197585015597842
NPC1_HUMAN_Erwood_2022_HEK293T,fold_modulo_5,0.7860305880567988
NPC1_HUMAN_Erwood_2022_HEK293T,fold_contiguous_5,0.7709757479252786
CBPA2_HUMAN_Tsuboyama_2023_1O6X,fold_random_5,0.9035949447965267
CBPA2_HUMAN_Tsuboyama_2023_1O6X,fold_modulo_5,0.7774108269037467
CBPA2_HUMAN_Tsuboyama_2023_1O6X,fold_contiguous_5,0.7561812983180642
KCNJ2_MOUSE_Coyote-Maestas_2022_function,fold_random_5,0.47693405742994005
KCNJ2_MOUSE_Coyote-Maestas_2022_function,fold_modulo_5,0.4580303414681715
KCNJ2_MOUSE_Coyote-Maestas_2022_function,fold_contiguous_5,0.44712040791846475
AACC1_PSEAI_Dandage_2018,fold_random_5,0.6596532468602244
AACC1_PSEAI_Dandage_2018,fold_modulo_5,0.5682679067021936
AACC1_PSEAI_Dandage_2018,fold_contiguous_5,0.5375050962035441
SCIN_STAAR_Tsuboyama_2023_2QFF,fold_random_5,0.9133804051452286
SCIN_STAAR_Tsuboyama_2023_2QFF,fold_modulo_5,0.778741645597488
SCIN_STAAR_Tsuboyama_2023_2QFF,fold_contiguous_5,0.70738874992103
YAIA_ECOLI_Tsuboyama_2023_2KVT,fold_random_5,0.889418343019488
YAIA_ECOLI_Tsuboyama_2023_2KVT,fold_modulo_5,0.7671423225076875
YAIA_ECOLI_Tsuboyama_2023_2KVT,fold_contiguous_5,0.7523082472318452
FECA_ECOLI_Tsuboyama_2023_2D1U,fold_random_5,0.9200412895050419
FECA_ECOLI_Tsuboyama_2023_2D1U,fold_modulo_5,0.8245465266129693
FECA_ECOLI_Tsuboyama_2023_2D1U,fold_contiguous_5,0.8246465009287588
CASP7_HUMAN_Roychowdhury_2020,fold_random_5,0.7068141221097979
CASP7_HUMAN_Roychowdhury_2020,fold_modulo_5,0.6765601861597679
CASP7_HUMAN_Roychowdhury_2020,fold_contiguous_5,0.6479356113110057
ACE2_HUMAN_Chan_2020,fold_random_5,0.7227777346225579
ACE2_HUMAN_Chan_2020,fold_modulo_5,0.48245562803739084
ACE2_HUMAN_Chan_2020,fold_contiguous_5,0.40762511685007663
BRCA2_HUMAN_Erwood_2022_HEK293T,fold_random_5,0.5416261494215815
BRCA2_HUMAN_Erwood_2022_HEK293T,fold_modulo_5,0.48629205947974574
BRCA2_HUMAN_Erwood_2022_HEK293T,fold_contiguous_5,0.5687815163981997
NKX31_HUMAN_Tsuboyama_2023_2L9R,fold_random_5,0.8862110535511076
NKX31_HUMAN_Tsuboyama_2023_2L9R,fold_modulo_5,0.8171645960755214
NKX31_HUMAN_Tsuboyama_2023_2L9R,fold_contiguous_5,0.7896072713090784
MAFG_MOUSE_Tsuboyama_2023_1K1V,fold_random_5,0.9333788806303129
MAFG_MOUSE_Tsuboyama_2023_1K1V,fold_modulo_5,0.8129825147280042
MAFG_MOUSE_Tsuboyama_2023_1K1V,fold_contiguous_5,0.8113731937771242
TADBP_HUMAN_Bolognesi_2019,fold_random_5,0.7803441097390906
TADBP_HUMAN_Bolognesi_2019,fold_modulo_5,0.7606837232738441
TADBP_HUMAN_Bolognesi_2019,fold_contiguous_5,0.654151190797974
UBR5_HUMAN_Tsuboyama_2023_1I2T,fold_random_5,0.8720799600720208
UBR5_HUMAN_Tsuboyama_2023_1I2T,fold_modulo_5,0.7227973606713117
UBR5_HUMAN_Tsuboyama_2023_1I2T,fold_contiguous_5,0.6681785137000851
